Borough,District,Number,Tract,Total,White,Black_African_American,American_Indian_and_Alaska_Native,Asian,Native_Hawaiian_and_Other_Pacific_Islander,Some_Other_Race,Multiple,Hispanic
Brooklyn,047,3,000301,"4,259","3,483",177,3,237,0,10,103,246
Brooklyn,047,3,000501,"4,247","3,067",276,19,432,1,15,125,312
Brooklyn,047,3,000502,"2,512","1,985",109,3,183,0,7,63,162
Brooklyn,047,3,000700,"3,359","2,675",96,1,195,0,9,100,283
Brooklyn,047,3,000900,"4,172","2,834",193,1,632,2,22,163,325
Brooklyn,047,3,001100,84,31,13,0,10,0,0,2,28
Brooklyn,047,3,001300,"2,275","1,344",334,1,243,0,4,38,311
Brooklyn,047,3,001500,"3,521",989,"1,209",21,399,0,12,80,811
Brooklyn,047,3,001800,"2,105",269,584,3,33,2,0,15,"1,199"
Brooklyn,047,3,002000,"1,672",53,50,4,77,0,4,11,"1,473"
Brooklyn,047,3,002100,"3,604","2,601",199,5,339,2,13,130,315
Brooklyn,047,3,002200,"4,613",785,198,17,535,1,20,55,"3,002"
Brooklyn,047,3,002300,"4,247",32,"2,231",6,649,8,13,60,"1,248"
Brooklyn,047,3,002901,"3,218",65,"1,822",18,293,1,4,48,967
Brooklyn,047,3,003000,"1,730","1,089",39,1,257,0,1,48,295
Brooklyn,047,3,003100,"2,472",532,"1,127",3,416,1,8,112,273
Brooklyn,047,3,003300,"2,327","1,145",521,2,204,2,11,93,349
Brooklyn,047,3,003400,"3,047","2,033",21,2,515,0,1,55,420
Brooklyn,047,3,003500,"1,554",580,628,16,110,0,3,54,163
Brooklyn,047,3,003600,"3,804","2,477",57,2,636,1,10,80,541
Brooklyn,047,3,003700,390,165,66,1,54,1,1,48,54
Brooklyn,047,3,003800,"1,498","1,168",14,0,159,0,7,33,117
Brooklyn,047,3,003900,"2,229","1,138",335,4,227,0,14,105,406
Brooklyn,047,3,004100,"3,598","2,388",430,4,219,0,19,90,448
Brooklyn,047,3,004300,"3,008","1,887",219,5,254,1,11,95,536
Brooklyn,047,3,004400,"2,359","2,081",15,0,140,0,0,18,105
Brooklyn,047,3,004500,"3,325","2,765",66,1,186,1,14,74,218
Brooklyn,047,3,004600,"1,199",999,8,1,77,1,4,9,100
Brooklyn,047,3,004700,"1,445",729,184,5,92,0,14,63,358
Brooklyn,047,3,004900,"2,516","1,692",243,2,182,0,15,64,318
Brooklyn,047,3,005000,"2,276","1,902",9,0,125,2,4,36,198
Brooklyn,047,3,005100,"2,171","1,411",78,0,153,1,3,64,461
Brooklyn,047,3,005201,"1,829","1,518",13,2,158,1,0,26,111
Brooklyn,047,3,005202,"2,481","2,112",22,0,120,1,1,46,179
Brooklyn,047,3,005300,"1,888","1,005",171,2,45,0,23,51,591
Brooklyn,047,3,005400,"3,139","2,321",39,4,337,0,10,48,380
Brooklyn,047,3,005601,"2,505","2,070",19,2,138,1,1,28,246
Brooklyn,047,3,005602,"1,586","1,287",12,1,124,1,4,35,122
Brooklyn,047,3,005800,"3,152","2,296",34,9,299,2,17,72,423
Brooklyn,047,3,005900,"1,384",646,222,4,34,2,0,27,449
Brooklyn,047,3,006000,"2,826","1,712",41,2,364,1,7,77,622
Brooklyn,047,3,006200,"2,853","1,937",44,1,371,0,5,51,444
Brooklyn,047,3,006300,"1,892","1,496",30,1,108,2,15,52,188
Brooklyn,047,3,006400,"3,478","2,403",60,2,347,0,43,63,560
Brooklyn,047,3,006500,"5,191","4,278",61,7,193,2,12,137,501
Brooklyn,047,3,006600,"3,663","2,417",46,3,385,0,10,100,702
Brooklyn,047,3,006700,"3,301","2,762",45,0,123,0,7,105,259
Brooklyn,047,3,006800,"4,870","2,449",109,6,848,0,21,133,"1,304"
Brooklyn,047,3,006900,"3,537","2,443",109,3,232,3,10,125,612
Brooklyn,047,3,007000,"2,344","1,349",115,6,384,0,4,48,438
Brooklyn,047,3,007100,"4,495",822,"1,619",7,196,0,12,77,"1,762"
Brooklyn,047,3,007200,"1,946",226,33,0,518,0,5,26,"1,138"
Brooklyn,047,3,007400,"5,451",353,70,10,"1,328",0,2,39,"3,649"
Brooklyn,047,3,007500,"4,383","3,463",65,2,205,2,24,114,508
Brooklyn,047,3,007600,"4,412",421,75,6,706,1,27,26,"3,150"
Brooklyn,047,3,007700,"3,901","3,006",98,7,281,1,10,99,399
Brooklyn,047,3,007800,"5,068",319,146,8,498,0,11,59,"4,027"
Brooklyn,047,3,008000,"4,169",435,82,6,320,0,19,28,"3,279"
Brooklyn,047,3,008200,"4,141",543,134,8,387,1,12,36,"3,020"
Brooklyn,047,3,008400,"3,299",532,80,3,200,0,7,46,"2,431"
Brooklyn,047,3,008500,"6,956",89,"3,310",30,126,2,6,62,"3,331"
Brooklyn,047,3,008600,0,0,0,0,0,0,0,0,0
Brooklyn,047,3,008800,"3,207",739,56,12,285,0,12,65,"2,038"
Brooklyn,047,3,009000,"2,994",324,60,1,"1,303",1,7,29,"1,269"
Brooklyn,047,3,009200,"5,388",667,128,10,"2,245",8,5,83,"2,242"
Brooklyn,047,3,009400,"5,805","1,114",67,15,"3,443",4,15,51,"1,096"
Brooklyn,047,3,009600,"6,126",668,105,15,"1,604",2,12,55,"3,665"
Brooklyn,047,3,009800,"7,024",380,84,5,"2,858",0,7,55,"3,635"
Brooklyn,047,3,010000,"6,737",575,82,9,"3,506",3,32,87,"2,443"
Brooklyn,047,3,010100,"4,093","1,055",112,6,207,3,32,74,"2,604"
Brooklyn,047,3,010200,"5,622",513,51,2,"3,569",1,9,69,"1,408"
Brooklyn,047,3,010400,"5,908",478,46,7,"4,898",0,5,102,372
Brooklyn,047,3,010600,"5,851",300,36,11,"4,744",1,10,50,699
Brooklyn,047,3,010800,"5,280",589,43,10,"3,846",0,9,33,750
Brooklyn,047,3,011000,"2,441",441,38,0,770,2,0,33,"1,157"
Brooklyn,047,3,011200,"6,436","2,597",125,12,"1,434",0,27,62,"2,179"
Brooklyn,047,3,011400,"3,976","2,259",194,1,805,0,37,70,610
Brooklyn,047,3,011600,"4,816",653,31,2,"3,646",1,30,30,423
Brooklyn,047,3,011700,"2,364","1,011",119,8,171,0,23,53,979
Brooklyn,047,3,011800,"2,253",231,7,1,"1,756",0,1,17,240
Brooklyn,047,3,011900,"1,530",910,117,4,69,0,8,26,396
Brooklyn,047,3,012000,"1,268",108,2,0,"1,020",0,0,3,135
Brooklyn,047,3,012100,"1,619",836,83,1,102,0,3,52,542
Brooklyn,047,3,012200,"5,339",713,51,5,"2,099",0,5,42,"2,424"
Brooklyn,047,3,012600,"2,652","1,064",60,0,900,0,11,81,536
Brooklyn,047,3,012700,"3,507",720,"1,119",12,127,1,6,72,"1,450"
Brooklyn,047,3,012801,"2,117",684,21,0,"1,207",0,2,28,175
Brooklyn,047,3,012901,"2,159","1,159",250,4,138,1,4,66,537
Brooklyn,047,3,012902,"1,964","1,263",201,6,101,0,6,70,317
Brooklyn,047,3,013000,"4,792","2,532",79,4,897,1,14,132,"1,133"
Brooklyn,047,3,013100,"3,828","2,139",541,2,249,1,8,124,764
Brooklyn,047,3,013200,"2,239","1,048",13,0,821,0,2,33,322
Brooklyn,047,3,013300,"3,730","2,509",245,6,255,0,9,147,559
Brooklyn,047,3,013400,"3,907","2,550",74,2,575,0,10,89,607
Brooklyn,047,3,013500,"3,596","2,427",223,3,279,0,18,154,492
Brooklyn,047,3,013600,"3,927","2,662",30,7,454,1,7,99,667
Brooklyn,047,3,013700,"3,057","1,949",256,3,144,1,17,107,580
Brooklyn,047,3,013800,"3,168","2,206",47,4,395,1,11,49,455
Brooklyn,047,3,013900,"3,481","2,188",342,1,203,0,12,90,645
Brooklyn,047,3,014000,"1,826","1,444",15,0,150,0,6,25,186
Brooklyn,047,3,014100,"3,017","1,840",121,0,234,2,22,86,712
Brooklyn,047,3,014200,"3,223","2,142",45,9,449,0,9,62,507
Brooklyn,047,3,014300,"3,487","1,613",129,1,251,3,21,75,"1,394"
Brooklyn,047,3,014500,"4,179","1,825",197,7,201,2,34,91,"1,822"
Brooklyn,047,3,014700,"2,084",995,99,1,100,0,5,53,831
Brooklyn,047,3,014800,"1,209","1,042",5,0,83,0,0,3,76
Brooklyn,047,3,014900,"4,976","3,309",248,8,282,2,20,149,958
Brooklyn,047,3,015000,"1,574","1,297",0,0,180,0,0,8,89
Brooklyn,047,3,015100,"3,578","2,701",122,2,226,1,14,129,383
Brooklyn,047,3,015200,"2,309","1,615",24,0,354,1,8,46,261
Brooklyn,047,3,015300,"3,041","2,160",271,2,206,0,26,77,299
Brooklyn,047,3,015400,0,0,0,0,0,0,0,0,0
Brooklyn,047,3,015500,"3,272","2,564",147,4,174,0,8,96,279
Brooklyn,047,3,015700,"4,135","3,223",192,5,250,4,26,130,305
Brooklyn,047,3,015900,"5,036","3,845",382,9,260,1,33,163,343
Brooklyn,047,3,016000,"4,217","2,343",132,4,768,2,32,97,839
Brooklyn,047,3,016100,"3,075","1,869",450,3,208,3,10,115,417
Brooklyn,047,3,016200,"2,082","1,382",85,2,261,3,11,38,300
Brooklyn,047,3,016300,"2,991","1,533",756,11,203,0,15,126,347
Brooklyn,047,3,016400,764,239,188,7,47,0,10,29,244
Brooklyn,047,3,016500,"5,141","4,223",189,3,235,2,22,136,331
Brooklyn,047,3,016600,"2,059","1,884",3,1,80,0,1,17,73
Brooklyn,047,3,016700,"4,638","3,660",156,5,227,1,18,123,448
Brooklyn,047,3,016800,"1,510","1,151",1,7,243,0,7,16,85
Brooklyn,047,3,016900,"4,497","2,760",193,4,450,0,22,109,959
Brooklyn,047,3,017000,"3,254","1,829",16,5,"1,053",3,0,24,324
Brooklyn,047,3,017100,"3,749","2,970",94,3,272,0,14,90,306
Brooklyn,047,3,017200,"2,931","1,583",11,0,"1,000",0,3,32,302
Brooklyn,047,3,017400,"1,793","1,134",4,3,484,0,4,19,145
Brooklyn,047,3,017500,5,3,0,0,0,0,0,0,2
Brooklyn,047,3,017600,"2,295","1,221",24,1,642,0,0,42,365
Brooklyn,047,3,017700,0,0,0,0,0,0,0,0,0
Brooklyn,047,3,017800,"2,898","1,185",22,1,"1,129",0,19,41,501
Brooklyn,047,3,017900,"3,624",708,"2,156",3,165,2,5,101,484
Brooklyn,047,3,018000,"3,193","1,444",12,1,"1,040",4,5,28,659
Brooklyn,047,3,018100,"3,936","2,021","1,070",7,238,1,23,168,408
Brooklyn,047,3,018200,"3,163","1,185",15,1,"1,600",0,10,44,308
Brooklyn,047,3,018300,"2,500","1,343",577,0,155,0,7,127,291
Brooklyn,047,3,018400,"2,002","1,188",4,0,709,0,1,23,77
Brooklyn,047,3,018501,"3,827",203,"2,260",15,200,0,9,71,"1,069"
Brooklyn,047,3,018600,"2,124","1,072",23,0,861,0,4,25,139
Brooklyn,047,3,018700,"1,411",545,375,1,77,0,10,60,343
Brooklyn,047,3,018800,"2,640","1,482",15,0,820,0,9,16,298
Brooklyn,047,3,019000,"4,782","1,669",48,6,"1,852",5,13,62,"1,127"
Brooklyn,047,3,019100,"2,332",885,629,4,107,0,13,77,617
Brooklyn,047,3,019200,"2,772","1,437",24,0,788,0,9,51,463
Brooklyn,047,3,019300,"5,628","1,946","2,319",12,479,4,21,150,697
Brooklyn,047,3,019400,"3,305",982,14,1,"1,655",3,9,38,603
Brooklyn,047,3,019500,"3,366","1,320","1,262",9,186,0,12,137,440
Brooklyn,047,3,019600,"4,353","1,969",21,3,"1,495",0,6,27,832
Brooklyn,047,3,019700,"3,313","1,355","1,291",6,189,0,19,157,296
Brooklyn,047,3,019800,"1,702","1,141",5,0,275,0,2,19,260
Brooklyn,047,3,019900,"2,929","1,092","1,266",4,117,0,16,107,327
Brooklyn,047,3,020000,"2,265","1,369",7,2,487,0,4,13,383
Brooklyn,047,3,020100,"3,421","1,472","1,375",3,148,0,22,130,271
Brooklyn,047,3,020200,"1,874","1,360",9,0,363,0,6,11,125
Brooklyn,047,3,020300,"1,697",597,536,2,183,2,11,55,311
Brooklyn,047,3,020400,"1,708","1,382",8,1,188,0,4,8,117
Brooklyn,047,3,020500,"2,469","1,190",753,8,181,0,10,102,225
Brooklyn,047,3,020600,"2,220","1,616",13,3,289,0,0,36,263
Brooklyn,047,3,020700,"4,310","2,210","1,202",3,250,4,40,172,429
Brooklyn,047,3,020800,"3,048","1,342",14,1,"1,287",0,3,50,351
Brooklyn,047,3,021000,"3,968","1,645",27,1,"1,846",0,7,23,419
Brooklyn,047,3,021100,"1,210",147,545,2,39,0,4,23,450
Brooklyn,047,3,021200,"4,643","1,217",23,0,"2,845",0,2,45,511
Brooklyn,047,3,021300,"4,205",451,"3,155",15,51,0,11,101,421
Brooklyn,047,3,021400,"2,152","1,198",4,0,785,0,7,29,129
Brooklyn,047,3,021500,"5,307","1,960","2,282",7,291,3,20,198,546
Brooklyn,047,3,021600,"4,015","3,332",15,1,465,0,0,38,164
Brooklyn,047,3,021700,"3,597",673,"2,034",9,226,2,8,101,544
Brooklyn,047,3,021800,"3,761","3,297",6,5,158,0,8,8,279
Brooklyn,047,3,021900,"3,595",688,"2,361",11,127,0,21,78,309
Brooklyn,047,3,022000,"4,939","4,244",33,5,267,0,14,54,322
Brooklyn,047,3,022100,"3,609",582,"2,290",7,92,0,20,111,507
Brooklyn,047,3,022200,"4,693","3,977",18,0,136,0,10,38,514
Brooklyn,047,3,022400,"5,486","3,868",58,3,600,0,8,41,908
Brooklyn,047,3,022600,"2,516",612,16,18,475,0,1,33,"1,361"
Brooklyn,047,3,022700,"3,454",516,"2,431",8,143,0,17,94,245
Brooklyn,047,3,022800,"3,306","1,701",76,9,908,0,8,69,535
Brooklyn,047,3,022900,"3,395",728,"2,108",12,121,4,19,96,307
Brooklyn,047,3,023000,"4,515","3,273",47,5,251,0,2,53,884
Brooklyn,047,3,023100,"3,025",961,"1,464",8,137,1,16,113,325
Brooklyn,047,3,023200,"5,699","4,909",16,1,376,2,3,36,356
Brooklyn,047,3,023300,"5,061",785,"2,927",9,109,2,6,88,"1,135"
Brooklyn,047,3,023400,"5,059","4,924",10,0,10,0,14,27,74
Brooklyn,047,3,023500,"3,928","2,114",507,2,181,1,6,81,"1,036"
Brooklyn,047,3,023600,"5,600","5,249",8,5,241,0,10,34,53
Brooklyn,047,3,023800,"4,590","4,367",2,0,24,0,3,26,168
Brooklyn,047,3,024000,"4,693","4,378",38,2,57,0,1,25,192
Brooklyn,047,3,024100,"2,229",814,750,5,71,5,17,41,526
Brooklyn,047,3,024200,"2,984","2,624",5,0,159,0,2,4,190
Brooklyn,047,3,024300,"3,786",598,"2,426",9,100,0,20,83,550
Brooklyn,047,3,024400,"3,238","2,501",13,0,363,0,8,24,329
Brooklyn,047,3,024500,"3,946",371,"2,931",12,238,0,20,81,293
Brooklyn,047,3,024600,"3,256","2,064",19,2,871,0,1,14,285
Brooklyn,047,3,024700,"2,316",187,"1,682",3,186,0,20,64,174
Brooklyn,047,3,024800,"2,698","1,304",13,2,"1,051",0,5,14,309
Brooklyn,047,3,024900,"3,823",364,"2,924",5,76,3,26,102,323
Brooklyn,047,3,025000,"1,722",415,10,2,"1,065",0,0,19,211
Brooklyn,047,3,025100,"3,816",197,"2,671",8,140,4,6,62,728
Brooklyn,047,3,025200,"4,786","2,183",30,2,"1,779",0,8,63,721
Brooklyn,047,3,025300,"2,754",350,"1,703",4,88,4,6,78,521
Brooklyn,047,3,025400,"3,500","1,259",18,3,"1,804",0,6,41,369
Brooklyn,047,3,025500,"5,102",53,"2,164",24,70,2,5,64,"2,720"
Brooklyn,047,3,025600,"3,058","1,196",16,1,"1,612",0,5,36,192
Brooklyn,047,3,025700,"2,131",220,695,17,76,0,5,16,"1,102"
Brooklyn,047,3,025800,"4,597","2,195",35,7,"1,561",0,6,36,757
Brooklyn,047,3,025901,"2,010",213,823,1,38,1,1,30,903
Brooklyn,047,3,025902,"3,419",24,"1,701",8,33,1,0,48,"1,604"
Brooklyn,047,3,026000,"3,649","1,471",5,3,"1,741",7,8,44,370
Brooklyn,047,3,026100,"4,917",354,"3,042",15,74,0,17,91,"1,324"
Brooklyn,047,3,026200,"2,374",948,16,4,"1,086",0,3,25,292
Brooklyn,047,3,026300,"1,868",60,"1,386",5,25,0,1,33,358
Brooklyn,047,3,026400,"4,592","1,975",29,3,"1,566",5,16,38,960
Brooklyn,047,3,026500,"3,838",133,"2,963",18,68,3,16,77,560
Brooklyn,047,3,026600,"3,733","1,781",8,8,"1,459",1,5,34,437
Brooklyn,047,3,026700,"3,920",293,"3,122",9,53,1,11,84,347
Brooklyn,047,3,026800,"4,188","2,265",32,1,"1,232",0,9,45,604
Brooklyn,047,3,026900,"2,770",218,"2,169",8,76,0,11,59,229
Brooklyn,047,3,027000,"2,449","1,621",17,3,634,0,5,38,131
Brooklyn,047,3,027100,"2,471",40,"2,037",2,136,0,5,37,214
Brooklyn,047,3,027200,"3,480","1,699",8,4,"1,091",0,4,36,638
Brooklyn,047,3,027300,"2,813",127,"2,401",6,52,0,5,55,167
Brooklyn,047,3,027400,"3,028","1,504",11,1,"1,200",0,2,59,251
Brooklyn,047,3,027500,"4,180",250,"3,300",38,98,0,11,84,399
Brooklyn,047,3,027600,"3,694","1,547",28,14,"1,324",0,14,30,737
Brooklyn,047,3,027700,"3,945",99,"3,416",6,22,1,10,36,355
Brooklyn,047,3,027800,"3,220","1,711",19,8,949,0,3,30,500
Brooklyn,047,3,027900,"3,674",103,"3,055",9,32,0,11,60,404
Brooklyn,047,3,028000,"1,761",873,7,0,631,1,2,7,240
Brooklyn,047,3,028100,"4,193",110,"2,456",9,33,1,12,41,"1,531"
Brooklyn,047,3,028200,"2,943","1,706",26,0,925,0,7,29,250
Brooklyn,047,3,028300,"4,097",170,"2,306",13,45,0,18,38,"1,507"
Brooklyn,047,3,028400,"4,003","2,160",25,3,"1,019",0,12,70,714
Brooklyn,047,3,028501,428,81,74,4,11,0,2,7,249
Brooklyn,047,3,028502,"2,802",11,"1,389",5,8,0,0,24,"1,365"
Brooklyn,047,3,028600,"4,814","2,888",126,3,"1,121",0,12,53,611
Brooklyn,047,3,028700,"2,991",281,"1,214",9,255,0,4,29,"1,199"
Brooklyn,047,3,028800,"3,458","1,526",32,1,"1,207",0,9,31,652
Brooklyn,047,3,028900,"3,538",161,"2,114",7,85,0,15,48,"1,108"
Brooklyn,047,3,029000,"3,920","2,685",31,1,725,1,9,52,416
Brooklyn,047,3,029100,"3,101",88,"2,461",8,31,0,6,43,464
Brooklyn,047,3,029200,"2,539","1,375",24,0,685,2,8,33,412
Brooklyn,047,3,029300,"3,106",56,"2,485",14,55,0,14,36,446
Brooklyn,047,3,029400,"2,321","1,420",57,4,585,0,7,45,203
Brooklyn,047,3,029500,"3,425",191,"2,768",7,58,0,11,70,320
Brooklyn,047,3,029600,"5,546","3,443",35,5,"1,385",6,7,109,556
Brooklyn,047,3,029700,"3,344",210,"2,827",6,30,0,5,61,205
Brooklyn,047,3,029800,"3,717","1,776",40,0,"1,204",0,5,20,672
Brooklyn,047,3,029900,"2,579",50,"1,930",2,78,0,6,16,497
Brooklyn,047,3,030000,"4,120","1,621",20,1,"1,996",0,14,49,419
Brooklyn,047,3,030100,"2,750",62,"2,287",11,19,0,3,43,325
Brooklyn,047,3,030200,"4,214","1,799",13,1,"2,087",0,3,40,271
Brooklyn,047,3,030300,"4,458",44,"3,607",9,46,1,27,57,667
Brooklyn,047,3,030400,"4,281","2,009",65,3,"1,705",2,8,43,446
Brooklyn,047,3,030500,"5,549","1,540","2,569",6,358,3,31,158,884
Brooklyn,047,3,030600,"2,005",925,9,0,687,0,4,50,330
Brooklyn,047,3,030700,"4,544",56,"3,755",8,9,1,5,73,637
Brooklyn,047,3,030800,"1,949","1,214",24,0,455,0,5,12,239
Brooklyn,047,3,030900,"1,754",20,"1,416",1,17,0,7,12,281
Brooklyn,047,3,031100,"2,833",119,"2,311",3,48,0,18,62,272
Brooklyn,047,3,031300,"4,648",246,"3,800",11,58,2,16,109,406
Brooklyn,047,3,031400,"4,544","2,989",38,6,979,0,13,58,461
Brooklyn,047,3,031500,"5,175",518,"3,920",5,89,0,18,126,499
Brooklyn,047,3,031701,"3,433",304,"2,737",10,84,0,12,68,218
Brooklyn,047,3,031702,"3,363",494,"2,353",4,51,2,24,101,334
Brooklyn,047,3,031900,"3,508",906,"2,261",6,45,0,8,58,224
Brooklyn,047,3,032100,"5,001",332,"3,582",13,57,3,13,87,914
Brooklyn,047,3,032300,"3,554",244,"2,724",6,31,1,8,71,469
Brooklyn,047,3,032500,"6,405",286,"5,470",14,50,3,30,110,442
Brooklyn,047,3,032600,"6,948",949,"2,717",23,778,0,19,83,"2,379"
Brooklyn,047,3,032700,"2,924",323,"2,110",7,48,0,6,73,357
Brooklyn,047,3,032800,"3,138",266,"1,173",9,"1,003",0,5,77,605
Brooklyn,047,3,032900,"5,582","1,167","3,461",14,41,3,20,90,786
Brooklyn,047,3,033000,"4,587",858,"2,262",11,148,0,9,66,"1,233"
Brooklyn,047,3,033100,"4,520","2,681","1,538",8,11,1,22,37,222
Brooklyn,047,3,033300,"4,085","2,621","1,215",5,11,0,9,37,187
Brooklyn,047,3,033500,"3,139","1,919","1,068",2,10,0,6,25,109
Brooklyn,047,3,033600,"4,759","3,675",262,11,199,2,16,96,498
Brooklyn,047,3,033700,"4,105","1,929","1,850",4,13,1,4,49,255
Brooklyn,047,3,033900,"4,376",375,"3,443",13,94,1,24,85,341
Brooklyn,047,3,034000,"2,248",865,742,4,24,0,4,30,579
Brooklyn,047,3,034100,"2,607",185,"2,099",9,12,1,13,64,224
Brooklyn,047,3,034200,"6,502","1,829","2,809",9,191,2,5,85,"1,572"
Brooklyn,047,3,034300,"5,281",105,"3,960",20,62,1,10,88,"1,035"
Brooklyn,047,3,034500,"2,647",32,"2,332",12,8,1,4,66,192
Brooklyn,047,3,034700,"3,228",52,"2,665",16,12,0,18,43,422
Brooklyn,047,3,034800,"2,537",676,118,2,415,0,7,17,"1,302"
Brooklyn,047,3,034900,"5,403",201,"4,495",13,17,0,17,99,561
Brooklyn,047,3,035000,"3,296","3,190",28,0,27,0,2,19,30
Brooklyn,047,3,035100,"4,597",749,"3,161",6,44,0,20,47,570
Brooklyn,047,3,035200,"1,246",762,224,9,35,0,2,13,201
Brooklyn,047,3,035300,"5,161",690,"3,688",13,12,0,24,62,672
Brooklyn,047,3,035400,"6,271","5,921",130,2,28,1,2,38,149
Brooklyn,047,3,035500,"5,253",781,"3,908",12,19,4,20,75,434
Brooklyn,047,3,035601,"2,912","2,672",121,4,8,0,5,14,88
Brooklyn,047,3,035602,"5,271","4,999",65,0,24,0,5,46,132
Brooklyn,047,3,035700,"2,506",28,"1,956",10,9,0,2,36,465
Brooklyn,047,3,035900,"5,685",89,"4,758",10,29,0,11,83,705
Brooklyn,047,3,036001,"3,217","3,021",14,0,23,0,9,22,128
Brooklyn,047,3,036002,"3,930","3,601",27,0,65,0,8,34,195
Brooklyn,047,3,036100,"2,608",42,"1,986",22,21,0,23,48,466
Brooklyn,047,3,036200,"4,204","1,501",80,3,881,0,32,65,"1,642"
Brooklyn,047,3,036300,"4,108",22,"3,407",16,9,0,13,57,584
Brooklyn,047,3,036400,"2,405","1,241",46,7,600,0,6,36,469
Brooklyn,047,3,036501,"2,624",13,"2,254",3,3,0,0,50,301
Brooklyn,047,3,036502,"1,255",48,749,7,13,0,1,23,414
Brooklyn,047,3,036600,"4,767","1,996",83,24,"1,301",10,27,87,"1,239"
Brooklyn,047,3,036700,"1,305",18,740,0,13,0,7,25,502
Brooklyn,047,3,036900,"4,923",88,"3,412",16,43,1,18,64,"1,281"
Brooklyn,047,3,037000,"4,085","2,935",12,21,803,0,22,50,242
Brooklyn,047,3,037100,"4,120",38,"3,413",18,15,0,16,92,528
Brooklyn,047,3,037300,"3,784",64,"2,970",30,17,0,3,52,648
Brooklyn,047,3,037401,"4,301","3,522",77,2,425,0,2,64,209
Brooklyn,047,3,037402,"4,573","3,553",136,2,500,0,9,60,313
Brooklyn,047,3,037500,"2,910",114,"2,034",9,123,1,4,66,559
Brooklyn,047,3,037700,"3,660",113,"3,016",11,37,0,23,82,378
Brooklyn,047,3,037900,"3,706",30,"3,085",9,12,0,4,61,505
Brooklyn,047,3,038100,"4,763",75,"3,929",24,25,1,11,70,628
Brooklyn,047,3,038200,"5,943",361,"2,142",29,"1,356",1,3,81,"1,970"
Brooklyn,047,3,038300,"3,931",96,"3,309",25,28,0,18,63,392
Brooklyn,047,3,038500,"3,422",55,"2,682",22,58,7,7,67,524
Brooklyn,047,3,038600,"3,477","1,805",28,1,"1,037",0,3,43,560
Brooklyn,047,3,038700,"4,010",164,"2,845",15,60,1,8,91,826
Brooklyn,047,3,038800,"3,841","3,142",40,6,307,0,8,59,279
Brooklyn,047,3,038900,"2,773",468,182,6,213,0,9,40,"1,855"
Brooklyn,047,3,039000,"2,282","2,017",8,0,122,0,0,32,103
Brooklyn,047,3,039100,"2,303",294,180,7,125,0,2,25,"1,670"
Brooklyn,047,3,039200,"2,756","2,287",23,0,206,0,11,34,195
Brooklyn,047,3,039300,"3,549",427,834,10,102,3,30,34,"2,109"
Brooklyn,047,3,039400,"2,441","2,120",5,0,78,1,2,39,196
Brooklyn,047,3,039500,"3,380",293,857,7,59,0,13,32,"2,119"
Brooklyn,047,3,039600,"2,126","1,918",4,2,31,0,5,7,159
Brooklyn,047,3,039700,"3,389",161,"1,885",19,65,3,13,52,"1,191"
Brooklyn,047,3,039800,"2,644","1,166",15,1,811,0,2,15,634
Brooklyn,047,3,039900,"3,823",145,"1,678",8,95,1,9,29,"1,858"
Brooklyn,047,3,040000,"3,069","1,460",16,0,941,0,15,27,610
Brooklyn,047,3,040100,"3,518",149,"1,639",6,54,6,23,58,"1,583"
Brooklyn,047,3,040200,"2,740","1,122",25,0,"1,172",1,7,22,391
Brooklyn,047,3,040300,"3,538",129,"2,152",5,60,0,18,81,"1,093"
Brooklyn,047,3,040400,"2,551","1,165",6,5,"1,034",0,4,29,308
Brooklyn,047,3,040500,"1,480",76,743,2,15,0,8,16,620
Brooklyn,047,3,040600,"3,184","1,468",18,5,"1,324",0,6,28,335
Brooklyn,047,3,040700,14,4,2,0,0,0,0,0,8
Brooklyn,047,3,040800,"3,566","1,335",29,1,"1,580",0,7,52,562
Brooklyn,047,3,040900,"3,752",152,845,1,29,0,18,36,"2,671"
Brooklyn,047,3,041000,"1,773","1,259",23,0,309,0,2,15,165
Brooklyn,047,3,041100,"3,302",75,"1,541",12,29,2,10,39,"1,594"
Brooklyn,047,3,041200,"2,929","1,536",9,0,937,0,6,51,390
Brooklyn,047,3,041300,"3,822",69,"1,587",5,20,1,18,27,"2,095"
Brooklyn,047,3,041401,"1,351","1,126",9,1,70,0,4,13,128
Brooklyn,047,3,041402,"1,612","1,466",15,1,21,0,0,47,62
Brooklyn,047,3,041500,"4,064",88,"1,597",11,61,0,7,39,"2,261"
Brooklyn,047,3,041600,"2,324","2,063",27,1,64,0,1,18,150
Brooklyn,047,3,041700,"3,609",116,791,1,105,0,12,37,"2,547"
Brooklyn,047,3,041800,"2,359","1,949",27,0,145,0,1,7,230
Brooklyn,047,3,041900,"3,770",151,732,11,25,0,21,27,"2,803"
Brooklyn,047,3,042000,"1,896","1,614",11,0,75,0,0,11,185
Brooklyn,047,3,042100,"3,920",345,571,7,179,1,2,28,"2,787"
Brooklyn,047,3,042200,"3,568","2,648",61,2,165,2,1,39,650
Brooklyn,047,3,042300,"4,217",498,321,2,173,3,21,23,"3,176"
Brooklyn,047,3,042400,"3,666","1,851",62,7,"1,147",4,16,55,524
Brooklyn,047,3,042500,"3,042",571,141,5,63,0,3,29,"2,230"
Brooklyn,047,3,042600,"4,135","1,937",16,5,"1,448",0,9,93,627
Brooklyn,047,3,042700,"5,074",820,260,8,245,1,17,45,"3,678"
Brooklyn,047,3,042800,"3,857","2,594",38,2,881,0,5,55,282
Brooklyn,047,3,042900,"5,630",598,237,1,235,0,53,48,"4,458"
Brooklyn,047,3,043000,"3,333","1,911",11,0,"1,022",0,2,28,359
Brooklyn,047,3,043100,"5,113",572,186,3,253,0,18,59,"4,022"
Brooklyn,047,3,043200,"4,250","1,830",40,2,"1,400",4,5,44,925
Brooklyn,047,3,043300,"4,064",147,428,10,213,1,27,28,"3,210"
Brooklyn,047,3,043400,"3,433","1,957",36,0,890,0,8,34,508
Brooklyn,047,3,043500,"4,463",168,844,6,89,3,17,54,"3,282"
Brooklyn,047,3,043600,"4,160","2,399",34,2,"1,105",2,17,81,520
Brooklyn,047,3,043700,"5,240",435,"1,329",5,85,3,14,47,"3,322"
Brooklyn,047,3,043800,"2,481","1,987",39,4,202,0,0,31,218
Brooklyn,047,3,043900,"3,829",182,427,5,256,0,18,51,"2,890"
Brooklyn,047,3,044000,"2,880","2,370",5,3,177,0,2,19,304
Brooklyn,047,3,044100,"5,643",510,182,5,560,0,51,42,"4,293"
Brooklyn,047,3,044200,"2,658","2,379",5,3,59,0,9,20,183
Brooklyn,047,3,044300,"5,557",668,138,18,565,2,55,42,"4,069"
Brooklyn,047,3,044400,"3,336","2,777",47,0,131,0,19,24,338
Brooklyn,047,3,044500,"4,446",645,126,8,715,1,65,62,"2,824"
Brooklyn,047,3,044600,"1,909",955,24,0,591,0,4,26,309
Brooklyn,047,3,044700,"2,310",608,253,7,88,0,17,39,"1,298"
Brooklyn,047,3,044800,"1,915","1,613",26,0,134,0,3,24,115
Brooklyn,047,3,044900,"2,932",574,967,7,42,1,13,50,"1,278"
Brooklyn,047,3,045000,673,593,0,0,22,1,3,7,47
Brooklyn,047,3,045200,"2,701","2,549",28,0,45,0,7,6,66
Brooklyn,047,3,045300,"2,017",593,278,5,84,0,10,29,"1,018"
Brooklyn,047,3,045400,"1,852","1,518",20,0,116,0,0,26,172
Brooklyn,047,3,045600,"2,357","1,765",36,0,376,4,7,22,147
Brooklyn,047,3,045800,"1,490","1,435",2,0,8,0,0,10,35
Brooklyn,047,3,046000,"3,729","1,906",194,7,"1,156",1,34,58,373
Brooklyn,047,3,046201,"2,632","1,978",32,3,331,0,3,46,239
Brooklyn,047,3,046202,"1,803","1,552",7,5,51,0,4,11,173
Brooklyn,047,3,046400,"2,838","2,570",29,0,69,0,7,15,148
Brooklyn,047,3,046800,"2,054","1,921",4,0,37,2,3,19,68
Brooklyn,047,3,047000,"2,886","2,811",4,0,15,3,2,16,35
Brooklyn,047,3,047200,"3,141","3,067",23,0,0,0,0,14,37
Brooklyn,047,3,047400,"2,969","2,906",1,0,1,0,2,21,38
Brooklyn,047,3,047600,"3,646","3,351",18,0,64,0,13,40,160
Brooklyn,047,3,047700,"3,318","2,336",64,6,265,3,19,91,534
Brooklyn,047,3,047800,"4,848","3,462",58,1,302,0,29,39,957
Brooklyn,047,3,048000,"3,769","2,540",91,2,479,1,24,72,560
Brooklyn,047,3,048100,"2,778","1,511",37,2,322,2,8,43,853
Brooklyn,047,3,048200,"5,331","2,695",386,24,"1,387",0,11,155,673
Brooklyn,047,3,048400,"5,481","3,733",288,1,481,0,50,105,823
Brooklyn,047,3,048500,"2,510","1,290",125,4,115,1,24,66,885
Brooklyn,047,3,048600,"3,568",759,108,9,"1,579",1,26,111,975
Brooklyn,047,3,048800,"4,395","2,124",306,11,"1,097",0,22,126,709
Brooklyn,047,3,048900,"4,039",41,"1,561",13,10,0,1,36,"2,377"
Brooklyn,047,3,049000,"5,899","3,424",494,7,924,2,55,210,783
Brooklyn,047,3,049100,"6,418","1,100","1,063",5,"1,721",2,13,66,"2,448"
Brooklyn,047,3,049200,"3,495","1,350",474,7,805,2,48,83,726
Brooklyn,047,3,049300,"7,625","1,352","1,090",10,155,0,22,84,"4,912"
Brooklyn,047,3,049400,"5,308","2,886",670,5,855,0,37,132,723
Brooklyn,047,3,049500,"2,603","1,515",33,7,227,4,9,61,747
Brooklyn,047,3,049600,"4,513","1,679",111,1,"1,583",2,17,72,"1,048"
Brooklyn,047,3,049700,"2,645","2,168",21,4,167,3,8,52,222
Brooklyn,047,3,049800,"4,232","1,731",107,8,"1,555",2,19,87,723
Brooklyn,047,3,049900,"1,753","1,385",24,0,79,0,10,27,228
Brooklyn,047,3,050000,"3,474","2,085",260,11,456,0,61,84,517
Brooklyn,047,3,050100,"2,786","2,045",34,0,187,4,7,40,469
Brooklyn,047,3,050202,"2,201","1,635",104,3,118,0,7,55,279
Brooklyn,047,3,050300,"2,582","1,622",31,1,146,0,15,52,715
Brooklyn,047,3,050400,"4,527","2,404",580,9,579,0,31,139,785
Brooklyn,047,3,050500,"4,163",829,650,5,492,2,13,60,"2,112"
Brooklyn,047,3,050600,"6,016",535,"2,593",18,249,0,50,82,"2,489"
Brooklyn,047,3,050700,"2,288","1,578",109,0,25,1,4,24,547
Brooklyn,047,3,050801,"4,080",136,"2,854",8,120,5,22,70,865
Brooklyn,047,3,050803,"2,464",258,"1,700",7,48,0,9,49,393
Brooklyn,047,3,050804,"6,250",440,"3,374",10,255,1,27,75,"2,068"
Brooklyn,047,3,050900,"3,694","3,329",17,5,5,0,7,11,320
Brooklyn,047,3,051001,"3,926",168,"3,021",8,46,2,14,46,621
Brooklyn,047,3,051002,"4,725",193,"3,290",18,76,1,24,96,"1,027"
Brooklyn,047,3,051100,"3,933","1,006",289,3,785,0,10,46,"1,794"
Brooklyn,047,3,051200,"6,398",451,"4,020",14,184,5,32,138,"1,554"
Brooklyn,047,3,051300,"4,332","1,983",134,2,198,1,17,78,"1,919"
Brooklyn,047,3,051400,"7,366",752,"3,776",13,532,3,27,152,"2,111"
Brooklyn,047,3,051500,"1,372",971,24,5,110,1,4,24,233
Brooklyn,047,3,051601,"5,732",183,"4,111",14,188,0,21,76,"1,139"
Brooklyn,047,3,051602,"4,028",200,"2,820",5,63,0,30,82,828
Brooklyn,047,3,051700,"1,735","1,338",12,1,151,0,8,32,193
Brooklyn,047,3,051800,"3,415",791,"1,640",5,360,0,24,95,500
Brooklyn,047,3,051900,"3,564","2,467",48,4,273,2,19,73,678
Brooklyn,047,3,052000,"4,228",955,938,14,"1,316",0,22,88,895
Brooklyn,047,3,052300,"5,469","1,562",93,11,175,1,9,75,"3,543"
Brooklyn,047,3,052500,"3,499","2,121",224,2,82,1,28,12,"1,029"
Brooklyn,047,3,052600,"4,357","1,551",944,22,949,0,29,159,703
Brooklyn,047,3,052700,"6,629","1,401",173,5,156,4,20,50,"4,820"
Brooklyn,047,3,052800,"1,818",899,140,12,505,0,18,48,196
Brooklyn,047,3,052900,"3,979","3,591",10,2,13,0,8,40,315
Brooklyn,047,3,053000,"3,465","2,121",174,2,701,0,21,58,388
Brooklyn,047,3,053100,"7,027","6,726",11,0,4,0,2,13,271
Brooklyn,047,3,053200,"2,579","1,567",202,2,567,0,0,22,219
Brooklyn,047,3,053300,"6,566","6,365",21,0,8,2,2,10,158
Brooklyn,047,3,053400,"4,383","2,705",375,12,886,1,10,49,345
Brooklyn,047,3,053500,"4,348","3,987",4,0,5,0,11,27,314
Brooklyn,047,3,053700,"3,575","3,504",21,0,7,0,1,4,38
Brooklyn,047,3,053800,"4,473","3,548",103,3,455,0,14,63,287
Brooklyn,047,3,053900,"2,756","2,251",107,3,0,0,14,21,360
Brooklyn,047,3,054200,"4,450","3,640",25,3,325,0,10,40,407
Brooklyn,047,3,054300,327,215,27,2,27,0,4,21,31
Brooklyn,047,3,054400,"3,406","2,787",35,1,442,0,10,40,91
Brooklyn,047,3,054500,"8,008","5,339",613,19,10,0,34,39,"1,954"
Brooklyn,047,3,054600,"4,346","3,599",173,5,227,1,17,78,246
Brooklyn,047,3,054700,"5,245","3,834",281,5,132,2,25,61,905
Brooklyn,047,3,054800,"1,989","1,865",7,0,48,0,2,17,50
Brooklyn,047,3,054900,"3,122","2,279",78,3,159,0,8,57,538
Brooklyn,047,3,055000,"3,551","2,870",77,0,232,1,17,72,282
Brooklyn,047,3,055100,"4,597","1,780",164,6,231,4,18,77,"2,317"
Brooklyn,047,3,055200,"3,498","2,539",59,0,600,0,5,52,243
Brooklyn,047,3,055300,"2,596","1,674",54,7,239,3,12,44,563
Brooklyn,047,3,055400,"4,216","3,142",58,11,499,2,12,94,398
Brooklyn,047,3,055500,"1,959","1,292",72,6,204,0,8,49,328
Brooklyn,047,3,055600,"3,712","3,066",28,1,396,0,6,57,158
Brooklyn,047,3,055700,"1,655","1,266",36,0,117,0,7,27,202
Brooklyn,047,3,055800,"2,390","1,764",29,0,352,0,10,26,209
Brooklyn,047,3,056000,"3,493","3,096",29,0,160,0,14,44,150
Brooklyn,047,3,056100,"3,295","2,644",18,3,198,0,12,53,367
Brooklyn,047,3,056200,"1,654","1,466",5,0,155,0,1,5,22
Brooklyn,047,3,056300,"4,360","2,580",148,3,338,2,39,93,"1,157"
Brooklyn,047,3,056400,"2,451","1,935",75,0,285,0,3,24,129
Brooklyn,047,3,056500,"3,255","2,485",26,3,163,2,15,63,498
Brooklyn,047,3,056600,"2,419","1,628",166,1,442,0,4,48,130
Brooklyn,047,3,056800,"1,314",909,10,0,295,0,0,6,94
Brooklyn,047,3,056900,"1,630","1,335",9,6,66,0,1,39,174
Brooklyn,047,3,057000,"3,384","2,176",113,0,796,0,2,43,254
Brooklyn,047,3,057100,"4,400","3,907",17,3,177,0,8,57,231
Brooklyn,047,3,057200,"5,443",814,"2,751",19,296,0,11,115,"1,437"
Brooklyn,047,3,057300,"2,608","2,219",23,5,114,2,10,40,195
Brooklyn,047,3,057400,"2,657","1,389",13,1,"1,071",3,7,20,153
Brooklyn,047,3,057500,"4,249","2,964",59,11,255,2,15,66,877
Brooklyn,047,3,057600,"2,918","1,405",28,1,"1,289",0,12,29,154
Brooklyn,047,3,057800,"3,176","1,801",31,0,860,0,10,84,390
Brooklyn,047,3,057900,"1,117",503,25,1,67,0,26,21,474
Brooklyn,047,3,058000,"3,365","1,661",62,0,"1,239",0,1,45,357
Brooklyn,047,3,058200,"2,967","1,715",28,5,841,0,3,35,340
Brooklyn,047,3,058400,"3,620","2,723",39,1,652,0,6,32,167
Brooklyn,047,3,058600,"2,519",711,118,0,"1,449",0,9,26,206
Brooklyn,047,3,058800,"3,245","2,367",51,5,543,0,11,36,232
Brooklyn,047,3,058900,"1,904","1,656",13,2,66,2,14,29,122
Brooklyn,047,3,059000,"1,899",752,116,0,750,0,8,25,248
Brooklyn,047,3,059100,"3,920","3,324",46,5,103,0,2,65,375
Brooklyn,047,3,059200,"3,870","2,493",37,0,"1,035",0,8,108,189
Brooklyn,047,3,059300,"2,228","1,689",25,6,63,0,9,35,401
Brooklyn,047,3,059401,"7,628","4,657",42,4,"2,451",0,16,84,374
Brooklyn,047,3,059402,"4,551","3,564",61,1,692,0,1,36,196
Brooklyn,047,3,059600,"2,306","1,955",51,0,165,0,3,27,105
Brooklyn,047,3,059800,"3,427","2,727",134,2,271,0,3,81,209
Brooklyn,047,3,060000,"6,067","4,941",93,4,549,1,16,79,384
Brooklyn,047,3,060600,"2,555","1,853",28,1,390,0,17,39,227
Brooklyn,047,3,060800,"3,574","2,839",67,3,360,0,19,53,233
Brooklyn,047,3,061002,"4,508","4,344",17,2,42,0,2,28,73
Brooklyn,047,3,061003,"1,984",526,34,3,534,0,25,60,802
Brooklyn,047,3,061004,"6,447","5,609",39,1,331,0,8,60,399
Brooklyn,047,3,061200,"1,076","1,023",2,1,13,0,3,9,25
Brooklyn,047,3,061600,"1,656","1,562",22,0,16,0,2,13,41
Brooklyn,047,3,062000,"1,850","1,766",8,1,32,0,2,12,29
Brooklyn,047,3,062200,"3,252","2,600",259,3,93,0,7,43,247
Brooklyn,047,3,062600,"2,788","1,664",233,0,510,0,23,37,321
Brooklyn,047,3,062800,"5,226","4,625",20,4,170,2,0,37,368
Brooklyn,047,3,063200,"1,447","1,222",6,0,97,0,2,10,110
Brooklyn,047,3,063600,"1,236","1,014",7,0,74,0,1,25,115
Brooklyn,047,3,063800,"1,524","1,268",13,0,143,0,5,15,80
Brooklyn,047,3,064000,"1,599","1,316",9,0,140,0,3,13,118
Brooklyn,047,3,064200,"2,518","2,050",26,3,169,1,6,17,246
Brooklyn,047,3,064400,"2,528","1,979",57,0,229,0,6,29,228
Brooklyn,047,3,064600,"2,189","1,704",122,1,166,0,0,25,171
Brooklyn,047,3,064800,"1,945","1,170",357,7,161,0,10,44,196
Brooklyn,047,3,065000,"1,389",427,501,5,202,0,0,39,215
Brooklyn,047,3,065200,"1,232",872,35,0,164,0,1,26,134
Brooklyn,047,3,065400,"1,607","1,400",11,4,83,0,2,9,98
Brooklyn,047,3,065600,"1,708","1,461",12,1,80,0,5,27,122
Brooklyn,047,3,065800,"1,762","1,449",12,0,144,0,6,24,127
Brooklyn,047,3,066000,"1,773","1,448",4,0,134,0,0,17,170
Brooklyn,047,3,066200,"1,411",984,43,1,165,6,0,19,193
Brooklyn,047,3,066600,0,0,0,0,0,0,0,0,0
Brooklyn,047,3,067000,"2,680",681,"1,427",8,144,0,28,59,333
Brooklyn,047,3,067200,"1,422",180,912,8,56,0,8,52,206
Brooklyn,047,3,067400,"1,964",366,"1,201",16,109,0,12,51,209
Brooklyn,047,3,067600,"1,657",186,"1,237",5,39,0,9,43,138
Brooklyn,047,3,067800,"2,660",360,"2,093",2,30,0,13,44,118
Brooklyn,047,3,068000,"1,809",313,"1,081",2,105,1,27,46,234
Brooklyn,047,3,068200,"2,432",564,"1,357",3,121,0,24,44,319
Brooklyn,047,3,068600,"1,533",860,345,5,142,0,18,24,139
Brooklyn,047,3,068800,"1,614",548,763,3,86,2,6,20,186
Brooklyn,047,3,069000,"1,791",403,"1,023",1,86,0,10,26,242
Brooklyn,047,3,069200,"2,392",342,"1,698",1,52,7,11,45,236
Brooklyn,047,3,069601,"3,780","1,805","1,348",7,105,0,13,67,435
Brooklyn,047,3,069602,"5,995","4,018","1,036",7,331,1,29,98,475
Brooklyn,047,3,069800,"1,277","1,073",69,1,35,0,2,11,86
Brooklyn,047,3,070000,"1,703","1,571",22,5,16,0,0,6,83
Brooklyn,047,3,070201,"6,573","6,120",35,0,152,0,16,39,211
Brooklyn,047,3,070202,37,25,12,0,0,0,0,0,0
Brooklyn,047,3,070203,0,0,0,0,0,0,0,0,0
Brooklyn,047,3,070600,"2,700","2,474",1,0,56,0,4,16,149
Brooklyn,047,3,072000,"2,167",161,"1,759",5,71,1,3,51,116
Brooklyn,047,3,072200,"2,655",78,"2,318",16,52,0,12,24,155
Brooklyn,047,3,072400,"1,755",40,"1,574",3,4,0,14,30,90
Brooklyn,047,3,072600,"2,093",50,"1,813",1,13,0,13,62,141
Brooklyn,047,3,072800,"3,193",241,"2,636",2,42,0,11,44,217
Brooklyn,047,3,073000,"1,979",170,"1,628",6,34,0,11,24,106
Brooklyn,047,3,073200,"2,096",107,"1,692",2,77,0,25,25,168
Brooklyn,047,3,073400,"1,889",72,"1,556",9,50,0,8,30,164
Brooklyn,047,3,073600,"3,368",373,"2,196",12,358,1,21,97,310
Brooklyn,047,3,073800,"3,225","1,065","1,544",9,155,0,14,48,390
Brooklyn,047,3,074000,"3,531",294,"2,324",4,365,2,22,103,417
Brooklyn,047,3,074200,"3,292","1,437","1,441",2,121,0,14,47,230
Brooklyn,047,3,074400,"2,492","2,250",117,0,43,0,2,9,71
Brooklyn,047,3,074600,"2,003","1,288",403,1,117,0,0,26,168
Brooklyn,047,3,074800,"2,012","1,471",371,2,51,0,0,14,103
Brooklyn,047,3,075000,"3,029","2,443",321,3,83,2,14,19,144
Brooklyn,047,3,075200,"1,130","1,116",10,0,0,1,0,1,2
Brooklyn,047,3,075400,"1,488","1,483",0,0,0,0,0,0,5
Brooklyn,047,3,075600,"1,993","1,689",62,0,154,0,4,15,69
Brooklyn,047,3,075800,"1,816","1,691",18,0,48,0,1,5,53
Brooklyn,047,3,076000,"2,776","2,389",55,1,169,0,2,36,124
Brooklyn,047,3,076200,"4,235","2,391",483,7,606,0,20,56,672
Brooklyn,047,3,076400,"3,487",691,"1,956",11,149,1,8,51,620
Brooklyn,047,3,076600,"2,061",143,"1,608",5,34,0,13,20,238
Brooklyn,047,3,076800,"3,407","2,642",63,5,419,0,10,21,247
Brooklyn,047,3,077000,"2,722",194,"1,959",10,47,0,29,56,427
Brooklyn,047,3,077200,"3,394","1,200","1,594",8,99,1,16,62,414
Brooklyn,047,3,077400,"2,881",652,"1,573",2,219,3,13,60,359
Brooklyn,047,3,077600,"3,806",273,"2,908",14,171,2,32,92,314
Brooklyn,047,3,078000,"2,092",65,"1,863",8,28,1,0,35,92
Brooklyn,047,3,078200,"3,864",43,"3,525",11,24,0,38,34,189
Brooklyn,047,3,078400,"2,348",77,"1,969",7,41,2,17,49,186
Brooklyn,047,3,078600,"4,256",190,"3,226",17,240,1,13,60,509
Brooklyn,047,3,078800,"3,422",35,"2,939",1,20,1,18,78,330
Brooklyn,047,3,079000,"5,094",77,"4,401",28,79,3,13,80,413
Brooklyn,047,3,079200,"4,372",73,"3,525",15,67,1,16,93,582
Brooklyn,047,3,079400,"1,864",28,"1,576",2,13,0,12,17,216
Brooklyn,047,3,079601,"4,413",592,"3,005",3,70,1,22,96,624
Brooklyn,047,3,079602,"4,814",269,"3,701",20,52,1,25,87,659
Brooklyn,047,3,079801,"3,037",513,"2,086",6,76,0,11,94,251
Brooklyn,047,3,079802,"5,451",756,"3,722",21,175,3,24,130,620
Brooklyn,047,3,080000,"3,487",497,"2,572",4,71,1,8,67,267
Brooklyn,047,3,080200,"4,304",216,"3,566",7,34,0,33,80,368
Brooklyn,047,3,080400,"3,250",212,"2,617",12,87,0,13,64,245
Brooklyn,047,3,080600,"3,386",891,"2,217",13,20,3,16,48,178
Brooklyn,047,3,080800,"1,197",91,841,0,115,0,17,6,127
Brooklyn,047,3,081000,"2,300",58,"1,973",5,55,0,2,51,156
Brooklyn,047,3,081400,"2,635",24,"2,394",5,28,0,1,52,131
Brooklyn,047,3,081600,"2,791",34,"2,396",1,107,0,6,76,171
Brooklyn,047,3,081800,"4,551",204,"3,538",10,196,1,29,93,480
Brooklyn,047,3,082000,"5,281",80,"4,421",13,96,1,26,92,552
Brooklyn,047,3,082200,"7,280",186,"6,138",16,60,2,22,123,733
Brooklyn,047,3,082400,"4,730",35,"4,109",8,63,0,5,99,411
Brooklyn,047,3,082600,"5,513",85,"4,815",22,31,3,25,79,453
Brooklyn,047,3,082800,"3,814",55,"3,202",24,80,0,17,68,368
Brooklyn,047,3,083000,"5,997",55,"5,257",6,65,1,31,126,456
Brooklyn,047,3,083200,"2,289",27,"2,040",9,41,4,21,37,110
Brooklyn,047,3,083400,"1,701",26,"1,512",4,17,0,9,58,75
Brooklyn,047,3,083600,"1,929",37,"1,735",4,14,0,19,32,88
Brooklyn,047,3,083800,"2,189",37,"1,926",1,30,0,11,54,130
Brooklyn,047,3,084000,"2,412",69,"2,081",7,36,0,8,39,172
Brooklyn,047,3,084600,"1,963",39,"1,741",0,15,0,14,59,95
Brooklyn,047,3,084800,"1,750",12,"1,613",7,6,0,6,26,80
Brooklyn,047,3,085000,"1,374",48,"1,244",1,11,0,2,21,47
Brooklyn,047,3,085200,29,0,27,0,0,0,0,1,1
Brooklyn,047,3,085400,"2,052",18,"1,836",3,22,0,11,21,141
Brooklyn,047,3,085600,"3,608",43,"3,174",17,22,1,26,65,260
Brooklyn,047,3,085800,"2,434",23,"2,224",10,20,1,7,58,91
Brooklyn,047,3,086000,"3,426",43,"3,080",10,25,3,7,56,202
Brooklyn,047,3,086200,"2,996",32,"2,730",13,26,2,30,22,141
Brooklyn,047,3,086400,"2,231",13,"2,062",11,8,0,5,38,94
Brooklyn,047,3,086600,"3,149",13,"2,939",6,10,0,5,48,128
Brooklyn,047,3,086800,"3,156",68,"2,857",13,45,0,5,32,136
Brooklyn,047,3,087000,"3,204",48,"2,929",8,15,4,7,32,161
Brooklyn,047,3,087200,"2,868",14,"2,658",7,10,3,4,34,138
Brooklyn,047,3,087401,"3,142",236,"2,543",2,21,0,19,44,277
Brooklyn,047,3,087600,"1,742",296,"1,320",0,10,1,10,18,87
Brooklyn,047,3,087800,"3,006",60,"2,706",6,13,1,10,45,165
Brooklyn,047,3,088000,"2,863",52,"2,579",6,19,0,8,23,176
Brooklyn,047,3,088200,"6,740",18,"6,181",28,32,5,14,79,383
Brooklyn,047,3,088400,"5,236",52,"4,740",18,46,1,29,91,259
Brooklyn,047,3,088600,"4,427",26,"3,989",0,20,1,2,49,340
Brooklyn,047,3,088800,"3,923",25,"3,450",6,10,6,5,51,370
Brooklyn,047,3,089000,"6,319",66,"5,565",14,46,0,14,65,549
Brooklyn,047,3,089200,"3,651",25,"3,193",1,7,4,9,68,344
Brooklyn,047,3,089400,"3,430",43,"2,914",10,18,0,16,50,379
Brooklyn,047,3,089600,"3,546",39,"2,951",13,141,4,10,51,337
Brooklyn,047,3,089800,"2,089",18,"1,837",2,17,0,10,20,185
Brooklyn,047,3,090000,"5,508",19,"4,313",22,12,5,23,75,"1,039"
Brooklyn,047,3,090200,"3,451",27,"2,590",5,41,3,13,41,731
Brooklyn,047,3,090600,"4,581",33,"3,106",16,20,0,8,42,"1,356"
Brooklyn,047,3,090800,"3,990",66,"2,650",10,13,1,1,68,"1,181"
Brooklyn,047,3,091000,"5,610",29,"3,776",15,34,1,6,55,"1,694"
Brooklyn,047,3,091200,"6,814",61,"4,633",25,38,0,4,75,"1,978"
Brooklyn,047,3,091600,"4,325",53,"3,527",12,29,0,18,45,641
Brooklyn,047,3,091800,"2,804",13,"1,704",10,0,0,8,30,"1,039"
Brooklyn,047,3,092000,"3,154",13,"2,651",7,19,0,14,24,426
Brooklyn,047,3,092200,"2,691",19,"2,387",12,11,0,7,44,211
Brooklyn,047,3,092400,"2,656",13,"2,132",5,16,0,33,15,442
Brooklyn,047,3,092800,"2,656",41,"2,363",1,54,0,9,25,163
Brooklyn,047,3,093000,"2,547",16,"2,417",3,10,0,4,35,62
Brooklyn,047,3,093200,"1,142",22,"1,040",1,2,0,6,14,57
Brooklyn,047,3,093400,"2,401",28,"2,228",4,19,0,5,26,91
Brooklyn,047,3,093600,"1,628",6,"1,490",6,7,1,4,12,102
Brooklyn,047,3,093800,"2,374",9,"2,203",0,18,0,19,29,96
Brooklyn,047,3,094401,"3,202",51,"2,952",6,6,0,9,48,130
Brooklyn,047,3,094402,"2,886",154,"2,208",20,12,0,3,26,463
Brooklyn,047,3,094600,"1,830",42,"1,614",7,21,1,5,31,109
Brooklyn,047,3,095000,"2,906",88,"2,659",2,13,0,11,34,99
Brooklyn,047,3,095400,"4,607",156,"4,162",4,27,0,15,64,179
Brooklyn,047,3,095600,"4,042",158,"3,476",13,85,1,21,48,240
Brooklyn,047,3,095800,"3,456",150,"2,947",4,113,0,12,28,202
Brooklyn,047,3,096000,0,0,0,0,0,0,0,0,0
Brooklyn,047,3,096200,"1,717",120,"1,378",2,21,0,3,26,167
Brooklyn,047,3,096400,"2,361",165,"1,890",4,57,0,18,36,191
Brooklyn,047,3,096600,"2,164",166,"1,672",1,80,0,12,54,179
Brooklyn,047,3,096800,"1,471",135,"1,054",2,40,0,10,33,197
Brooklyn,047,3,097000,"2,105",205,"1,553",7,61,0,8,26,245
Brooklyn,047,3,097400,"2,724",237,"2,114",16,24,0,11,40,282
Brooklyn,047,3,098200,"4,305",45,"3,100",28,7,1,3,87,"1,034"
Brooklyn,047,3,098400,"1,978",58,"1,790",5,19,0,15,21,70
Brooklyn,047,3,098600,"2,862",32,"2,539",9,59,0,19,55,149
Brooklyn,047,3,098800,"3,054",250,"2,398",5,90,0,15,48,248
Brooklyn,047,3,099000,"1,422",97,"1,048",9,92,2,12,22,140
Brooklyn,047,3,099200,"1,833",140,"1,431",6,73,0,0,59,124
Brooklyn,047,3,099400,"1,978",99,"1,717",1,9,0,12,25,115
Brooklyn,047,3,099600,"3,631",163,"3,168",2,57,0,15,55,171
Brooklyn,047,3,099800,"3,784",259,"3,204",5,53,0,11,68,184
Brooklyn,047,3,100400,"2,567",144,"2,231",0,23,0,9,28,132
Brooklyn,047,3,100600,"2,489",167,"2,046",0,58,0,6,43,169
Brooklyn,047,3,100800,"2,124",212,"1,598",4,108,0,11,43,148
Brooklyn,047,3,101000,"2,318",243,"1,695",5,162,0,5,46,162
Brooklyn,047,3,101200,"1,932",167,"1,496",3,112,0,12,21,121
Brooklyn,047,3,101400,"2,160",120,"1,696",6,131,2,8,32,165
Brooklyn,047,3,101600,"1,464",71,"1,267",2,43,0,2,17,62
Brooklyn,047,3,101800,"1,851",131,"1,515",7,34,0,3,22,139
Brooklyn,047,3,102000,"1,922",142,"1,601",7,50,0,5,36,81
Brooklyn,047,3,102200,"2,075",162,"1,470",0,230,0,19,18,176
Brooklyn,047,3,102400,"2,123",175,"1,601",1,148,0,9,25,164
Brooklyn,047,3,102600,"2,771",99,"2,436",7,40,0,12,39,138
Brooklyn,047,3,102800,"1,579",59,"1,271",1,72,2,0,25,149
Brooklyn,047,3,103400,"3,918",313,"2,593",24,7,0,8,54,919
Brooklyn,047,3,105801,"6,928","1,766","3,525",9,232,2,23,106,"1,265"
Brooklyn,047,3,105804,"6,426","1,527","3,511",20,157,0,14,78,"1,119"
Brooklyn,047,3,107000,322,2,270,0,1,0,0,2,47
Brooklyn,047,3,107800,"3,849",66,"3,394",8,12,0,15,57,297
Brooklyn,047,3,109800,"1,917",66,"1,524",2,37,0,3,28,257
Brooklyn,047,3,110400,"4,358",59,"3,470",18,8,0,27,45,731
Brooklyn,047,3,110600,"4,311",35,"3,150",24,22,1,5,48,"1,026"
Brooklyn,047,3,111000,"3,216",21,"2,402",12,7,0,9,34,731
Brooklyn,047,3,111600,"3,484",40,"2,685",14,28,2,8,35,672
Brooklyn,047,3,111800,"3,053",37,"2,188",4,13,8,16,15,772
Brooklyn,047,3,112000,"3,155",32,"1,974",13,38,0,12,35,"1,051"
Brooklyn,047,3,112200,"3,371",32,"2,590",13,10,2,7,48,669
Brooklyn,047,3,112400,"3,416",17,"2,718",7,0,1,12,38,623
Brooklyn,047,3,112600,"3,783",46,"2,729",5,12,5,17,42,927
Brooklyn,047,3,112800,"3,822",46,"2,896",3,13,0,7,40,817
Brooklyn,047,3,113000,"3,891",14,"2,938",13,5,0,28,54,839
Brooklyn,047,3,113200,"1,937",4,"1,554",1,13,0,5,17,343
Brooklyn,047,3,113400,"2,838",26,"1,789",10,20,0,8,34,951
Brooklyn,047,3,114201,"1,578",28,426,15,20,0,11,20,"1,058"
Brooklyn,047,3,114202,"2,766",63,928,14,42,0,18,48,"1,653"
Brooklyn,047,3,114400,"2,403",42,"1,354",8,38,8,18,29,906
Brooklyn,047,3,114600,"2,998",50,835,9,138,1,31,57,"1,877"
Brooklyn,047,3,115000,"2,595",27,"1,330",6,28,0,18,42,"1,144"
Brooklyn,047,3,115200,"3,094",23,"1,973",16,55,3,13,40,971
Brooklyn,047,3,115600,"4,315",48,"2,604",7,53,0,14,43,"1,546"
Brooklyn,047,3,115800,"2,983",20,"2,058",3,10,0,18,27,847
Brooklyn,047,3,116000,"2,543",17,"1,730",2,0,1,11,36,746
Brooklyn,047,3,116200,"2,157",12,"1,670",8,2,4,5,45,411
Brooklyn,047,3,116400,"2,921",10,"1,937",2,46,1,42,30,853
Brooklyn,047,3,116600,"2,907",36,"1,508",2,85,0,26,30,"1,220"
Brooklyn,047,3,116800,"2,057",36,569,12,82,0,64,45,"1,249"
Brooklyn,047,3,117000,"1,880",32,383,15,138,3,48,37,"1,224"
Brooklyn,047,3,117201,"2,713",77,493,3,104,1,98,40,"1,897"
Brooklyn,047,3,117202,"3,907",97,944,15,165,0,123,58,"2,505"
Brooklyn,047,3,117400,"4,329",118,798,31,212,4,161,53,"2,952"
Brooklyn,047,3,117601,"2,750",95,435,26,122,0,114,48,"1,910"
Brooklyn,047,3,117602,"3,313",130,511,4,216,0,130,86,"2,236"
Brooklyn,047,3,117800,"1,717",44,263,18,287,0,81,65,959
Brooklyn,047,3,118000,6,0,5,0,0,0,1,0,0
Brooklyn,047,3,118201,"3,002",135,427,14,193,3,63,98,"2,069"
Brooklyn,047,3,118202,"3,083",87,397,7,265,0,112,61,"2,154"
Brooklyn,047,3,118400,"5,420",198,697,35,539,4,132,131,"3,684"
Brooklyn,047,3,118600,"2,969",91,472,20,459,0,158,69,"1,700"
Brooklyn,047,3,118800,"4,651",148,664,63,"1,643",4,233,178,"1,718"
Brooklyn,047,3,119000,"2,127",40,586,24,356,3,141,71,906
Brooklyn,047,3,119200,"3,013",33,"1,352",5,130,6,14,19,"1,454"
Brooklyn,047,3,119400,"3,914",24,"2,502",4,91,0,29,45,"1,219"
Brooklyn,047,3,119600,"5,403",80,"2,356",27,"1,095",2,99,142,"1,602"
Brooklyn,047,3,119800,"3,426",135,"1,167",7,90,5,38,41,"1,943"
Brooklyn,047,3,120000,"2,148",60,948,7,392,0,64,84,593
Brooklyn,047,3,120200,"1,900",43,275,30,919,10,130,76,417
Brooklyn,047,3,120800,"8,938",174,"6,480",49,259,0,50,117,"1,809"
Brooklyn,047,3,121000,"4,035",26,"1,973",8,22,0,20,38,"1,948"
Brooklyn,047,3,121400,"4,351",40,"2,627",6,18,0,11,32,"1,617"
Brooklyn,047,3,122000,"5,495",100,"4,173",13,65,1,24,77,"1,042"
Brooklyn,047,3,123700,"6,008","4,703",182,2,38,20,33,42,988
Brooklyn,047,3,150200,"2,540","1,762",67,1,201,0,16,54,439
Brooklyn,047,3,152200,"3,317","1,294",691,23,660,0,44,77,528
Brooklyn,047,3,990100,0,0,0,0,0,0,0,0,0